<?xml version="1.0" encoding="UTF-8"?>
<project-private xmlns="http://www.netbeans.org/ns/project-private/1">
    <editor-bookmarks xmlns="http://www.netbeans.org/ns/editor-bookmarks/2" lastBookmarkId="0"/>
    <open-files xmlns="http://www.netbeans.org/ns/projectui-open-files/2">
        <group>
            <file>file:/D:/OneDrive%20-%20Soluciones%20Marva/MPLABx/XC8/1_XpressBoard/DS1307_LCD_i2.X/ds1307yo.h</file>
            <file>file:/D:/OneDrive%20-%20Soluciones%20Marva/MPLABx/XC8/1_XpressBoard/DS1307_LCD_i2.X/ds1307yo.c</file>
            <file>file:/D:/OneDrive%20-%20Soluciones%20Marva/MPLABx/XC8/1_XpressBoard/DS1307_LCD_i2.X/LCD_i2c.h</file>
            <file>file:/D:/OneDrive%20-%20Soluciones%20Marva/MPLABx/XC8/1_XpressBoard/DS1307_LCD_i2.X/main.c</file>
        </group>
    </open-files>
</project-private>
