<?xml version="1.0" encoding="UTF-8"?>
<project-private xmlns="http://www.netbeans.org/ns/project-private/1">
    <editor-bookmarks xmlns="http://www.netbeans.org/ns/editor-bookmarks/2" lastBookmarkId="0"/>
    <open-files xmlns="http://www.netbeans.org/ns/projectui-open-files/2">
        <group>
            <file>file:/G:/OneDrive%20-%20Soluciones%20Marva/MPLABx/XC8/1Calses2021/Serial1_XC8.X/Serial.c</file>
            <file>file:/G:/OneDrive%20-%20Soluciones%20Marva/MPLABx/XC8/1Calses2021/Serial1_XC8.X/LCD_i2c.c</file>
            <file>file:/G:/OneDrive%20-%20Soluciones%20Marva/MPLABx/XC8/1Calses2021/Serial1_XC8.X/LCD_i2c.h</file>
            <file>file:/G:/OneDrive%20-%20Soluciones%20Marva/MPLABx/XC8/1Calses2021/Serial1_XC8.X/main_Serial.c</file>
            <file>file:/G:/OneDrive%20-%20Soluciones%20Marva/MPLABx/XC8/1Calses2021/Serial1_XC8.X/i2c.h</file>
            <file>file:/G:/OneDrive%20-%20Soluciones%20Marva/MPLABx/XC8/1Calses2021/Serial1_XC8.X/i2c.c</file>
        </group>
    </open-files>
</project-private>
