<?xml version="1.0" encoding="UTF-8"?>
<project-private xmlns="http://www.netbeans.org/ns/project-private/1">
    <editor-bookmarks xmlns="http://www.netbeans.org/ns/editor-bookmarks/2" lastBookmarkId="0"/>
    <open-files xmlns="http://www.netbeans.org/ns/projectui-open-files/2">
        <group>
            <file>file:/G:/OneDrive%20-%20Soluciones%20Marva/MPLABx/XC8/1Calses2021/TeclacoM.X/teclado.c</file>
            <file>file:/G:/OneDrive%20-%20Soluciones%20Marva/MPLABx/XC8/1Calses2021/TeclacoM.X/main.c</file>
            <file>file:/G:/OneDrive%20-%20Soluciones%20Marva/MPLABx/XC8/1Calses2021/TeclacoM.X/teclado.h</file>
        </group>
    </open-files>
</project-private>
